Q,A
"A 48-year-old woman with a history of type 2 diabetes and hyperlipidemia is brought to the emergency department after acute onset of right-sided weakness and difficulty speaking that began 2 hours prior to arrival. On examination, she has impaired speech production with preserved comprehension, right facial droop, and right upper and lower extremity weakness with the arm more affected than the leg. Her NIHSS is 12. Noncontrast head CT shows no evidence of intracranial hemorrhage. What is the more effective form of thrombolytic treatment, intravenous tenecteplase or alteplase?","Intravenous tenecteplase and alteplase are considered noninferior in improving functional outcomes for adult patients with acute ischemic stroke presenting within 4.5 hours, with tenecteplase offering practical advantages due to its single bolus administration."
"A 64 year-old man with a history of hypertension presents to the emergency department 90 minutes after sudden onset aphasia. On examination, he has word-finding difficulty and impaired sentence formation, but follows commands appropriately. He is unable to name common objects or communicate his needs clearly. Mild right facial droop is noted. His NIHSS score is 4, driven primarily by language impairment. Noncontrast head CT shows no evidence of intracranial hemorrhage. What is the most appropriate next step in management?","Given the patient's severe aphasia, which is a clearly disabling deficit despite an NIHSS score of 4, and presentation within the therapeutic window with no hemorrhage on CT, intravenous thrombolysis is the most appropriate next step."
"A 70 year old male is brought to the ED with a history of atrial fibrillation and not on oral anticoagulation and is found to have left-sided arm weakness upon awakening. His last known well was approximately 10 hours earlier before going to sleep. On exam, he has left-sided hemispatial neglect and an NIHSS score is 4. Noncontrast head CT shows no evidence of intracranial hemorrhage. MRI of the brain shows restricted diffusion in the right middle cerebral artery on diffusion-weighted imaging. However, there is no corresponding signal change on FLAIR. What is the most appropriate next step?","Administer intravenous thrombolysis, as the MRI DWI-FLAIR mismatch in a wake-up stroke with an unknown time of onset greater than 4.5 hours indicates eligibility for extended window thrombolytic therapy."
"A 59-year-old woman with a history of hypertension presents to the emergency department 2 hours after sudden onset of numbness involving her right face and hand. She denies significant weakness, speech difficulty, visual changes, or gait disturbance. On examination, she has right facial droop, right arm strength 4+/5, right leg strength 4+/5, and decreased pinprick sensation over the right face and hand. Her NIHSS score is 4. Noncontrast head CT shows no intracranial hemorrhage. Should this patient be treated with IV thrombolysis or dual antiplatelet therapy?","This patient should be treated with intravenous thrombolysis because she presents with disabling deficits (NIHSS score 4) within 4.5 hours of symptom onset and has no contraindications, while dual antiplatelet therapy is typically reserved for patients who did not receive IVT."
"A 68-year-old man with a history of hypertension and atrial fibrillation develops sudden-onset right-sided weakness and aphasia at home. Emergency medical services arrive within 20 minutes of symptom onset. On exam, he has a NIHSS of 14. A local primary stroke center is 10 minutes away while a comprehensive thrombectomy-capable stroke center is available but 55 minutes away by ground transport. How should prehospital transport be directed in this patient?","Prehospital transport should be directed to the local primary stroke center, as trials like RACECAT and TRIAGE-STROKE did not demonstrate improved functional outcomes with direct transport to a more distant thrombectomy-capable center, despite suspected large vessel occlusion."
"A 72-year-old woman presents to the emergency department 4 hours after sudden onset of severe dysarthria, dysphagia, bilateral limb weakness, and left-sided visual field loss. On arrival, she is intermittently unresponsive and unable to protect her airway. Neurologic examination reveals quadriparesis, absent gag reflex, and inability to follow commands. Her NIHSS score is 28. Noncontrast head CT shows no intracranial hemorrhage. CT angiography demonstrates occlusion of the proximal basilar artery. CT perfusion shows a limited posterior circulation infarct core with surrounding hypoperfused but potentially salvageable tissue involving the brainstem and cerebellum. What is the most appropriate next step in management?","Endovascular thrombectomy is the most appropriate next step, as the patient has acute ischemic stroke due to basilar artery occlusion, an NIHSS of 28, and salvageable tissue within 4 hours of onset, meeting guideline criteria for improved outcomes."
"A 68 year old man with a history of hypertension presents to the ED 3 hours after sudden onset of ride-sided weakness and slurred speech. On examination, he has a right facial droop and right arm weakness. His NIHSS score is 9. Noncontrast head CT shows no intracranial hemorrhage and CT angiography reveals no large vessel occlusion. He is treated with IV thrombolysis. Shortly after treatment initiation, the stroke team debates whether adding an adjuvant antithrombotic agent might improve neurologic outcomes. What is the most appropriate management decision?","Adjunctive antithrombotic agents are not recommended after IV thrombolysis to improve neurologic outcomes, as studies like MOST and AbESTT-II showed no benefit and increased risks of mortality or hemorrhage."
"A 68-year-old man with a history of type 2 diabetes mellitus and hypertension is admitted for acute ischemic stroke after presenting with right-sided weakness and dysarthria. He arrives 3 hours after symptom onset and receives appropriate reperfusion therapy. During hospitalization in the stroke unit, point-of-care glucose measurements range from 180 to 220 mg/d and his systolic blood pressure ranges from 155 to 165 mm Hg. Based on current stroke guidelines, how should this patient's blood glucose and blood pressure be managed?","Intensive blood glucose control to 80-130 mg/dL is not recommended due to lack of improved functional outcomes and risk of hypoglycemia, while intensive systolic blood pressure reduction to <140 mm Hg is not recommended after reperfusion therapy and may be harmful."
"A 12 year old previously healthy boy is brought to the ED after a sudden onset of right-sided weakness and difficulty speaking that began 90 minutes before arrival at school. On examination the patient is alert but has expressive aphasia. His NIHSS is 11. Non contrast head CT shows no intracranial hemorrhage. CT angiography shows an occlusion of the left middle cerebral artery, m1 segment. How should this patient’s stroke be managed according to current guidelines?","For this 12-year-old with acute ischemic stroke and disabling deficits within 4.5 hours, intravenous thrombolysis with alteplase may be considered, despite uncertain efficacy in pediatric patients, as specific endovascular thrombectomy recommendations are not provided for this age group."
A 62-year-old man with a history of hypertension develops sudden onset of left-sided weakness and slurred speech while at home. A mobile stroke unit (MSU) and conventional emergency services are both available and can be deployed immediately. What emergency service is preferred?,"A mobile stroke unit (MSU) is preferred because it improves functional outcomes, reduces onset-to-treatment times, and increases thrombolysis rates compared to conventional emergency medical services, without identified safety concerns."
"A 54-year-old man with a history of hypertension presents to the emergency department 3 hours after sudden onset of left-sided weakness, gaze deviation, and decreased level of alertness. On examination, he has dense left hemiplegia with a NIHSS of 22. Noncontrast head CT shows early ischemic changes involving more than one half of the right middle cerebral artery territory. Should intravenous glibenclamide be initiated?","No, intravenous glibenclamide should not be initiated because its use in patients aged 18 to 70 years with large hemispheric infarction does not improve functional outcomes and is therefore not recommended."
"A 73-year-old woman is admitted after an acute ischemic stroke involving the right hemispheric region. After initial stabilization, she is noted to have difficulty swallowing, frequent coughing during oral intake, and a wet-sounding voice. A bedside swallow evaluation is abnormal, and a subsequent videofluoroscopic swallow study confirms moderate oropharyngeal dysphagia with aspiration of thin liquids. According to current stroke guidelines, how should dysphagia be managed in this patient?","For this patient with dysphagia and aspiration, initial management should include nasogastric tube feeding within 7 days, considering pharyngeal electrical stimulation to reduce dysphagia severity and aspiration risk, and implementing an oral hygiene protocol to prevent pneumonia."
"A 69-year-old man with a history of hypertension and atrial fibrillation presents to the emergency department 2 hours after sudden onset of right-sided weakness and aphasia. On examination, he has dense right hemiparesis and expressive aphasia, with a NIHSS of 17. Noncontrast head CT shows no intracranial hemorrhage, and CT angiography reveals an occlusion of the left proximal middle cerebral artery, M1 segment. He is an appropriate candidate for endovascular thrombectomy (EVT). How should the use of tirofiban be approached in this patient?","Preoperative administration of tirofiban before endovascular thrombectomy is not useful for this patient, as it does not improve 90-day functional outcomes in acute ischemic stroke with large vessel occlusion."
"A 7-year-old girl with no significant past medical history is brought to the ED by her parents after sudden onset of right arm weakness and slurred speech that began 90 minutes earlier. Earlier in the day, she had complained of a mild headache and was noted to be more irritable than usual. There is no history of trauma, fever, seizure, or recent illness. She has right facial asymmetry, decreased strength in the right upper extremity, and difficulty with expressive language. What stroke screening tools should be used?","Newer pediatric stroke screening tools, such as the Pediatric National Institutes of Health Stroke Scale (PedNIHSS) and Pediatric Rapid Arterial Occlusion Evaluation (PedRACE), should be used because adult tools are not accurate for children, and these pediatric tools demonstrate good interrater reliability."
"A 67-year-old woman with a history of hypertension and hyperlipidemia presents to the emergency department 18 hours after sudden onset of left arm weakness and mild slurred speech that resolved within 30 minutes. On arrival, her neurologic examination shows only subtle left hand clumsiness. Her NIHSS score is 3. Brain MRI shows a small acute infarct in the right internal capsule. CT angiography shows moderate intracranial atherosclerotic disease but no hemodynamically significant extracranial stenosis. Cardiac monitoring and echocardiography show no evidence of atrial fibrillation or other cardioembolic source. She did not receive intravenous thrombolysis. How should this patient's antiplatelet therapy be managed?","Dual antiplatelet therapy (DAPT) should be initiated early (within 24 hours) and continued for 21 days, followed by single antiplatelet therapy (SAPT), because the patient has minor (NIHSS 3) noncardioembolic acute ischemic stroke within 24 hours of onset, did not receive IVT, and has a presumed atherosclerotic cause."
